{
  "fx": 1095.0510288148892,
  "fy": 1097.422955437978,
  "cx": 638.5310623855516,
  "cy": 379.0598942594578,
  "dist": [[0.10559064941697711, -0.38878978805499703, -0.0009126887363981683, 0.002121842044135713, -2.187957330267122]]
}