{
  "fx": 1118.4736599798312,
  "fy": 1120.3781905224528,
  "cx": 666.951932795384,
  "cy": 396.54512375336043,
  "dist": [[0.10761200967744763, -0.65178211398408, 0.0028268738750277275, 0.0032968814539891343, -0.16274244398212354]]
}