{
  "fx": 1070.8914034913114,
  "fy": 1070.862270235338,
  "cx": 616.5900270309273,
  "cy": 360.7185588740075,
  "dist": [[0.04267909474957508, 0.03065737120614986, -0.006424557106829585, -0.003970175999683468, -1.1676859061724425]]
}
