{
  "fx": 563.0818629051497,
  "fy": 748.2452485942734,
  "cx": 328.16883033893134,
  "cy": 275.6607043235775,
  "dist": [[-0.4252374009617878, 0.3456136159429701, -0.0024380598587697188, 0.0002515099338727131, -0.23534757341831747]]
}

