{
  "fx": 591.1386975180341,
  "fy": 589.09829437094,
  "cx": 278.02437993265744,
  "cy": 258.32267762922424,
  "dist": [[-0.32566401756218283, -0.04276514368624419, 0.0010676166721966473, 0.004926696045168623, 0.2564216030426477]]
}