{
  "fx": 241.7589274822617,
  "fy": 297.39315694737206,
  "cx": 343.8508958128516,
  "cy": 238.89585950899695,
  "dist": [[-0.2813206821047875, 0.38224278288486174, -0.002066257876137388, -0.00836189598726464, -0.3428568871606647]]
}
