{
  "fx": 614.3064057937473,
  "fy": 611.5361282972384,
  "cx": 346.37239168813517,
  "cy": 242.79366475752934,
  "dist": [[0.025025063046577388, -0.706561011119147, -0.0019898161188212395, 0.004643454601098609, 1.1492141725061717]]
}
