{
  "fx": 1082.5928108827711,
  "fy": 1085.12443095845,
  "cx": 674.0042597214996,
  "cy": 397.48680669682386,
  "dist": [[0.07722497397412562, -0.3659178837433651, 0.0015668750548187775, 0.0019806335531018914, -1.2888745058363464]]
}
